경로,성별,카테고리,기장,핏,색
1.jpg,여자,팬츠,노말,루즈,브라운
2.jpg,여자,팬츠,노말,루즈,블랙
3.jpg,여자,팬츠,노말,루즈,화이트
4.jpg,여자,팬츠,노말,루즈,그레이
5.jpg,여자,팬츠,노말,루즈,실버
6.jpg,여자,팬츠,노말,루즈,블랙
7.jpg,여자,팬츠,노말,루즈,베이지
8.jpg,여자,팬츠,노말,루즈,화이트
9.jpg,여자,청바지,노말,루즈,블루
10.jpg,여자,팬츠,노말,루즈,블랙
11.jpg,여자,팬츠,노말,루즈,브라운
12.jpg,여자,팬츠,노말,루즈,베이지
13.jpg,여자,팬츠,노말,루즈,블랙
14.jpg,여자,팬츠,노말,루즈,그레이
15.jpg,여자,팬츠,노말,루즈,베이지
16.jpg,여자,팬츠,노말,루즈,그레이
17.jpg,여자,팬츠,노말,루즈,블랙
18.jpg,여자,팬츠,노말,루즈,브라운
19.jpg,여자,팬츠,노말,루즈,베이지
20.jpg,여자,팬츠,노말,루즈,브라운
21.jpg,여자,팬츠,노말,루즈,실버
22.jpg,여자,팬츠,노말,루즈,블랙
23.jpg,여자,팬츠,노말,루즈,블랙
24.jpg,여자,팬츠,노말,루즈,블랙
25.jpg,여자,팬츠,노말,루즈,베이지
26.jpg,여자,팬츠,노말,루즈,그레이
27.jpg,여자,팬츠,노말,루즈,베이지
28.jpg,여자,팬츠,노말,루즈,실버
29.jpg,여자,팬츠,노말,루즈,블랙
30.jpg,여자,팬츠,노말,루즈,블랙
31.jpg,여자,팬츠,노말,루즈,화이트
32.jpg,여자,팬츠,노말,루즈,브라운
33.jpg,여자,팬츠,노말,루즈,블랙
34.jpg,여자,팬츠,노말,루즈,화이트
35.jpg,여자,팬츠,노말,루즈,핑크
36.jpg,여자,팬츠,노말,루즈,옐로우
37.jpg,여자,팬츠,노말,루즈,그레이
38.jpg,여자,팬츠,노말,루즈,블랙
39.jpg,여자,팬츠,노말,루즈,베이지
40.jpg,여자,팬츠,노말,루즈,브라운
41.jpg,여자,팬츠,노말,루즈,네이비
42.jpg,여자,팬츠,노말,루즈,블랙
43.jpg,여자,팬츠,노말,루즈,그레이
44.jpg,여자,팬츠,노말,루즈,그레이
45.jpg,여자,팬츠,노말,루즈,브라운
46.jpg,여자,팬츠,노말,루즈,베이지
47.jpg,여자,팬츠,노말,루즈,실버
48.jpg,여자,팬츠,노말,루즈,화이트
49.jpg,여자,팬츠,노말,루즈,그레이
50.jpg,여자,팬츠,노말,루즈,베이지
51.jpg,여자,팬츠,노말,루즈,화이트
52.jpg,여자,팬츠,노말,루즈,그레이
53.jpg,여자,팬츠,노말,루즈,네이비
54.jpg,여자,팬츠,노말,루즈,화이트
55.jpg,여자,팬츠,노말,루즈,베이지
56.jpg,여자,팬츠,노말,루즈,그레이
57.jpg,여자,팬츠,노말,루즈,그레이
58.jpg,여자,청바지,노말,루즈,블루
59.jpg,여자,조거팬츠,노말,루즈,블랙
60.jpg,여자,팬츠,노말,루즈,실버
61.jpg,여자,팬츠,노말,루즈,블랙
62.jpg,여자,팬츠,노말,루즈,그레이
63.jpg,여자,팬츠,노말,루즈,핑크
64.jpg,여자,팬츠,노말,루즈,베이지
65.jpg,여자,팬츠,노말,루즈,베이지
66.jpg,여자,팬츠,노말,루즈,그린
67.jpg,여자,팬츠,노말,루즈,블랙
68.jpg,여자,팬츠,노말,루즈,핑크
69.jpg,여자,조거팬츠,노말,루즈,블랙
70.jpg,여자,조거팬츠,노말,루즈,그레이
71.jpg,여자,조거팬츠,노말,루즈,옐로우
72.jpg,여자,팬츠,노말,루즈,블랙
73.jpg,여자,스커트,롱,루즈,베이지
74.jpg,여자,스커트,롱,루즈,화이트
75.jpg,여자,팬츠,크롭,루즈,베이지
76.jpg,여자,팬츠,노말,루즈,화이트
77.jpg,여자,팬츠,노말,루즈,베이지
78.jpg,여자,팬츠,노말,루즈,그레이
79.jpg,여자,팬츠,노말,루즈,카키
80.jpg,여자,팬츠,노말,루즈,블랙
81.jpg,여자,팬츠,노말,루즈,블랙
82.jpg,여자,청바지,노말,루즈,블루
83.jpg,여자,팬츠,노말,루즈,화이트
84.jpg,여자,조거팬츠,노말,루즈,블루
85.jpg,여자,조거팬츠,노말,루즈,레드
86.jpg,여자,조거팬츠,노말,루즈,블랙
87.jpg,여자,조거팬츠,노말,루즈,화이트
88.jpg,여자,팬츠,노말,루즈,그레이
89.jpg,여자,팬츠,크롭,루즈,화이트
90.jpg,여자,팬츠,크롭,루즈,카키
91.jpg,여자,팬츠,크롭,루즈,베이지
92.jpg,여자,팬츠,크롭,루즈,블랙
93.jpg,여자,팬츠,크롭,루즈,옐로우
94.jpg,여자,팬츠,크롭,루즈,블랙
95.jpg,여자,팬츠,노말,루즈,브라운
96.jpg,여자,스커트,롱,루즈,옐로우
97.jpg,여자,팬츠,노말,루즈,블랙
98.jpg,여자,팬츠,노말,루즈,블랙
99.jpg,여자,팬츠,노말,루즈,화이트
100.jpg,여자,팬츠,크롭,루즈,화이트
