경로,성별,카테고리,기장,핏,색,카라,넥라인
1.jpg,여자,가디건,노말,노말,그레이,노카라,라운드넥
2.jpg,여자,니트웨어,노말,노말,라벤더,노카라,라운드넥
3.jpg,여자,니트웨어,노말,노말,네이비,노카라,스퀘어넥
4.jpg,여자,니트웨어,노말,노말,화이트,노카라,라운드넥
5.jpg,여자,가디건,노말,노말,브라운,노카라,브이넥
6.jpg,여자,가디건,노말,노말,핑크,노카라,브이넥
7.jpg,여자,니트웨어,노말,노말,스카이블루,노카라,브이넥
8.jpg,여자,니트웨어,노말,노말,라벤더,노카라,브이넥
9.jpg,여자,니트웨어,노말,노말,블루,노카라,브이넥
10.jpg,여자,니트웨어,노말,노말,그레이,노카라,브이넥
11.jpg,여자,가디건,노말,노말,네이비,노카라,브이넥
12.jpg,여자,니트웨어,노말,노말,베이지,노카라,라운드넥
13.jpg,여자,가디건,노말,노말,블루,노카라,브이넥
14.jpg,여자,니트웨어,노말,노말,그레이,노카라,브이넥
15.jpg,여자,가디건,노말,스키니,네이비,노카라,브이넥
16.jpg,여자,니트웨어,노말,노말,핑크,노카라,브이넥
17.jpg,여자,니트웨어,노말,노말,화이트,노카라,브이넥
18.jpg,여자,티셔츠,노말,노말,베이지,노카라,라운드넥
19.jpg,여자,가디건,노말,노말,브라운,노카라,라운드넥
20.jpg,여자,티셔츠,노말,노말,네이비,노카라,라운드넥
21.jpg,여자,니트웨어,노말,노말,라벤더,노카라,브이넥
22.jpg,여자,니트웨어,노말,노말,민트,노카라,브이넥
23.jpg,여자,니트웨어,노말,노말,블루,노카라,브이넥
24.jpg,여자,니트웨어,노말,노말,화이트,노카라,브이넥
25.jpg,여자,니트웨어,노말,노말,핑크,노카라,라운드넥
26.jpg,여자,가디건,노말,노말,화이트,노카라,라운드넥
27.jpg,여자,니트웨어,노말,노말,베이지,노카라,라운드넥
28.jpg,여자,가디건,노말,노말,그레이,노카라,라운드넥
29.jpg,여자,니트웨어,노말,노말,그레이,노카라,브이넥
30.jpg,여자,가디건,노말,노말,베이지,노카라,브이넥
31.jpg,여자,가디건,노말,노말,옐로우,노카라,브이넥
32.jpg,여자,니트웨어,노말,노말,네이비,노카라,브이넥
33.jpg,여자,가디건,노말,노말,화이트,노카라,브이넥
34.jpg,여자,가디건,노말,노말,레드,노카라,라운드넥
35.jpg,여자,티셔츠,노말,노말,옐로우,노카라,유넥
36.jpg,여자,티셔츠,노말,노말,핑크,노카라,유넥
37.jpg,여자,티셔츠,노말,노말,라벤더,노카라,유넥
38.jpg,여자,티셔츠,노말,노말,그레이,노카라,유넥
39.jpg,여자,티셔츠,노말,노말,블랙,노카라,유넥
40.jpg,여자,티셔츠,노말,노말,화이트,노카라,유넥
41.jpg,여자,니트웨어,노말,노말,스카이블루,노카라,라운드넥
42.jpg,여자,니트웨어,노말,노말,라벤더,노카라,라운드넥
43.jpg,여자,니트웨어,노말,노말,화이트,노카라,라운드넥
44.jpg,여자,티셔츠,노말,노말,화이트,노카라,스퀘어넥
45.jpg,여자,티셔츠,노말,노말,그레이,노카라,스퀘어넥
46.jpg,여자,티셔츠,노말,노말,라벤더,노카라,스퀘어넥
47.jpg,여자,티셔츠,노말,노말,블루,노카라,스퀘어넥
48.jpg,여자,티셔츠,노말,노말,스카이블루,노카라,유넥
49.jpg,여자,티셔츠,노말,노말,핑크,노카라,유넥
50.jpg,여자,티셔츠,노말,노말,화이트,노카라,유넥
51.jpg,여자,니트웨어,노말,노말,브라운,노카라,브이넥
52.jpg,여자,니트웨어,노말,노말,베이지,노카라,브이넥
53.jpg,여자,니트웨어,노말,노말,민트,노카라,브이넥
54.jpg,여자,니트웨어,노말,노말,스카이블루,노카라,브이넥
55.jpg,여자,니트웨어,노말,노말,그레이,노카라,브이넥
56.jpg,여자,니트웨어,노말,노말,실버,노카라,유넥
57.jpg,여자,니트웨어,노말,노말,핑크,노카라,유넥
58.jpg,여자,니트웨어,노말,노말,베이지,노카라,유넥
59.jpg,여자,니트웨어,노말,노말,블랙,노카라,유넥
60.jpg,여자,가디건,노말,노말,스카이블루,노카라,유넥
61.jpg,여자,가디건,노말,노말,화이트,노카라,유넥
62.jpg,여자,가디건,노말,노말,레드,노카라,유넥
63.jpg,여자,가디건,노말,노말,핑크,노카라,유넥
64.jpg,여자,가디건,노말,노말,그레이,노카라,유넥
65.jpg,여자,니트웨어,노말,노말,그린,노카라,유넥
66.jpg,여자,니트웨어,노말,노말,화이트,노카라,유넥
67.jpg,여자,니트웨어,노말,노말,화이트,노카라,유넥
68.jpg,여자,니트웨어,노말,노말,핑크,노카라,유넥
69.jpg,여자,니트웨어,노말,노말,스카이블루,노카라,유넥
70.jpg,여자,니트웨어,노말,노말,블루,노카라,유넥
71.jpg,여자,니트웨어,노말,노말,레드,노카라,유넥
72.jpg,여자,니트웨어,노말,노말,브라운,노카라,유넥
73.jpg,여자,니트웨어,노말,노말,그레이,노카라,유넥
74.jpg,여자,니트웨어,노말,노말,블랙,노카라,유넥
75.jpg,여자,니트웨어,노말,노말,화이트,노카라,브이넥
76.jpg,여자,니트웨어,노말,노말,핑크,노카라,브이넥
77.jpg,여자,니트웨어,노말,노말,스카이블루,노카라,브이넥
78.jpg,여자,니트웨어,노말,노말,블루,노카라,브이넥
79.jpg,여자,니트웨어,노말,노말,그린,노카라,브이넥
80.jpg,여자,니트웨어,노말,노말,옐로우,노카라,브이넥
81.jpg,여자,니트웨어,노말,노말,브라운,노카라,브이넥
82.jpg,여자,니트웨어,노말,노말,실버,노카라,브이넥
83.jpg,여자,니트웨어,노말,노말,그레이,노카라,브이넥
84.jpg,여자,니트웨어,노말,노말,블랙,노카라,브이넥
85.jpg,여자,티셔츠,노말,스키니,실버,노카라,브이넥
86.jpg,여자,티셔츠,노말,스키니,스카이블루,노카라,브이넥
87.jpg,여자,티셔츠,노말,스키니,블랙,노카라,브이넥
88.jpg,여자,티셔츠,노말,노말,화이트,노카라,라운드넥
89.jpg,여자,티셔츠,노말,노말,퍼플,노카라,라운드넥
90.jpg,여자,티셔츠,노말,노말,라벤더,노카라,라운드넥
91.jpg,여자,가디건,노말,스키니,오렌지,노카라,브이넥
92.jpg,여자,가디건,노말,스키니,블루,노카라,브이넥
93.jpg,여자,가디건,노말,노말,네이비,노카라,라운드넥
94.jpg,여자,가디건,노말,노말,베이지,노카라,라운드넥
95.jpg,여자,니트웨어,노말,노말,핑크,노카라,브이넥
96.jpg,여자,니트웨어,노말,노말,화이트,노카라,브이넥
97.jpg,여자,니트웨어,노말,노말,브라운,노카라,라운드넥
98.jpg,여자,니트웨어,노말,노말,베이지,노카라,라운드넥
99.jpg,여자,니트웨어,노말,노말,블루,노카라,라운드넥
100.jpg,여자,니트웨어,노말,노말,실버,노카라,브이넥
